fecha,importe
2021-07-16,-7174.999999999999
2021-08-02,-175.0
2021-09-01,-175.0
2021-10-01,-175.0
2021-11-01,-175.0
2021-12-01,-175.0
2022-01-03,-175.0
2022-02-01,-175.0
2022-03-01,-175.0
2022-04-01,-175.0
2022-05-02,-175.0
2022-06-01,-175.0
2022-07-01,-175.0
2022-08-01,-175.0
2022-09-01,-175.0
2022-10-03,-175.0
2022-11-01,-175.0
2022-12-01,-175.0
2023-01-02,-175.0
2023-02-01,-175.0
2023-03-01,-175.0
2023-04-03,-175.0
2023-05-02,-175.0
2023-06-01,-175.0
2023-07-03,-175.0
2023-08-01,-175.0
2023-09-01,-175.0
2023-10-02,-175.0
2023-11-01,-175.0
2023-12-01,-175.0
2024-01-02,-175.0
2024-02-01,-175.0
2024-03-01,-175.0
2024-04-02,-175.0
2024-05-02,-175.0
2024-06-03,-175.0
2024-07-01,-175.0
2024-08-01,-175.0
2024-09-02,-175.0
2024-10-01,-175.0
2024-11-01,-175.0
2024-12-02,-175.0
2025-01-02,-175.0
2025-02-03,-175.0
2025-03-03,-175.0
2025-04-01,-175.0
2025-05-02,-175.0
2025-06-02,-175.0
2025-07-01,-175.0
2025-08-01,-175.0
2025-09-01,-175.0
2025-10-01,-175.0
2025-11-03,-175.0
2025-12-01,-175.0
2026-01-02,-175.0
2026-02-02,-175.0
2026-03-02,-175.0
2026-04-01,-175.0
2026-05-04,-175.0
2026-06-01,-175.0
2026-07-01,-175.0
2026-08-03,-175.0
2026-09-01,-175.0
2021-07-16,-1537.5
2021-08-02,-37.5
2021-09-01,-37.5
2021-10-01,-37.5
2021-11-01,-37.5
2021-12-01,-37.5
2022-01-03,-37.5
2022-02-01,-37.5
2022-03-01,-37.5
2022-04-01,-37.5
2022-05-02,-37.5
2022-06-01,-37.5
2022-07-01,-37.5
2022-08-01,-37.5
2022-09-01,-37.5
2022-10-03,-37.5
2022-11-01,-37.5
2022-12-01,-37.5
2023-01-02,-37.5
2023-02-01,-37.5
2023-03-01,-37.5
2023-04-03,-37.5
2023-05-02,-37.5
2023-06-01,-37.5
2023-07-03,-37.5
2023-08-01,-37.5
2023-09-01,-37.5
2023-10-02,-37.5
2023-11-01,-37.5
2023-12-01,-37.5
2024-01-02,-37.5
2024-02-01,-37.5
2024-03-01,-37.5
2024-04-02,-37.5
2024-05-02,-37.5
2024-06-03,-37.5
2024-07-01,-37.5
2024-08-01,-37.5
2024-09-02,-37.5
2024-10-01,-37.5
2024-11-01,-37.5
2024-12-02,-37.5
2025-01-02,-37.5
2025-02-03,-37.5
2025-03-03,-37.5
2025-04-01,-37.5
2025-05-02,-37.5
2025-06-02,-37.5
2025-07-01,-37.5
2025-08-01,-37.5
2025-09-01,-37.5
2025-10-01,-37.5
2025-11-03,-37.5
2025-12-01,-37.5
2026-01-02,-37.5
2026-02-02,-37.5
2026-03-02,-37.5
2026-04-01,-37.5
2026-05-04,-37.5
2026-06-01,-37.5
2026-07-01,-37.5
2026-08-03,-37.5
2026-09-01,-37.5
2021-07-16,-1025.0
2021-08-02,-25.0
2021-09-01,-25.0
2021-10-01,-25.0
2021-11-01,-25.0
2021-12-01,-25.0
2022-01-03,-25.0
2022-02-01,-25.0
2022-03-01,-25.0
2022-04-01,-25.0
2022-05-02,-25.0
2022-06-01,-25.0
2022-07-01,-25.0
2022-08-01,-25.0
2022-09-01,-25.0
2022-10-03,-25.0
2022-11-01,-25.0
2022-12-01,-25.0
2023-01-02,-25.0
2023-02-01,-25.0
2023-03-01,-25.0
2023-04-03,-25.0
2023-05-02,-25.0
2023-06-01,-25.0
2023-07-03,-25.0
2023-08-01,-25.0
2023-09-01,-25.0
2023-10-02,-25.0
2023-11-01,-25.0
2023-12-01,-25.0
2024-01-02,-25.0
2024-02-01,-25.0
2024-03-01,-25.0
2024-04-02,-25.0
2024-05-02,-25.0
2024-06-03,-25.0
2024-07-01,-25.0
2024-08-01,-25.0
2024-09-02,-25.0
2024-10-01,-25.0
2024-11-01,-25.0
2024-12-02,-25.0
2025-01-02,-25.0
2025-02-03,-25.0
2025-03-03,-25.0
2025-04-01,-25.0
2025-05-02,-25.0
2025-06-02,-25.0
2025-07-01,-25.0
2025-08-01,-25.0
2025-09-01,-25.0
2025-10-01,-25.0
2025-11-03,-25.0
2025-12-01,-25.0
2026-01-02,-25.0
2026-02-02,-25.0
2026-03-02,-25.0
2026-04-01,-25.0
2026-05-04,-25.0
2026-06-01,-25.0
2026-07-01,-25.0
2026-08-03,-25.0
2026-09-01,-25.0
2021-07-16,-512.5
2021-08-02,-12.5
2021-09-01,-12.5
2021-10-01,-12.5
2021-11-01,-12.5
2021-12-01,-12.5
2022-01-03,-12.5
2022-02-01,-12.5
2022-03-01,-12.5
2022-04-01,-12.5
2022-05-02,-12.5
2022-06-01,-12.5
2022-07-01,-12.5
2022-08-01,-12.5
2022-09-01,-12.5
2022-10-03,-12.5
2022-11-01,-12.5
2022-12-01,-12.5
2023-01-02,-12.5
2023-02-01,-12.5
2023-03-01,-12.5
2023-04-03,-12.5
2023-05-02,-12.5
2023-06-01,-12.5
2023-07-03,-12.5
2023-08-01,-12.5
2023-09-01,-12.5
2023-10-02,-12.5
2023-11-01,-12.5
2023-12-01,-12.5
2024-01-02,-12.5
2024-02-01,-12.5
2024-03-01,-12.5
2024-04-02,-12.5
2024-05-02,-12.5
2024-06-03,-12.5
2024-07-01,-12.5
2024-08-01,-12.5
2024-09-02,-12.5
2024-10-01,-12.5
2024-11-01,-12.5
2024-12-02,-12.5
2025-01-02,-12.5
2025-02-03,-12.5
2025-03-03,-12.5
2025-04-01,-12.5
2025-05-02,-12.5
2025-06-02,-12.5
2025-07-01,-12.5
2025-08-01,-12.5
2025-09-01,-12.5
2025-10-01,-12.5
2025-11-03,-12.5
2025-12-01,-12.5
2026-01-02,-12.5
2026-02-02,-12.5
2026-03-02,-12.5
2026-04-01,-12.5
2026-05-04,-12.5
2026-06-01,-12.5
2026-07-01,-12.5
2026-08-03,-12.5
2026-09-01,-12.5
2026-09-25,45363.4
